id,title,avgscore,backCateName,areaname,avgprice,comments
620934924,重八牛府（熙悦天街店）,5.0,重庆火锅,良乡,98.0,1893
1418106741,半天妖烤鱼（北京延庆万达广场店）,5.0,烤鱼,延庆城区,73.0,1705
162712589,眉州东坡（熙旺中心店）,5.0,川菜,门头沟城区,99.0,354
1967823304,半天妖烤鱼（新世界百货店）,5.0,烤鱼,顺义城区,82.0,1594
1622018578,眉州东坡小酒馆（西直门凯德MALL店）,5.0,川菜,西直门/动物园,97.0,427
79595995,重庆棒棒军·手作火锅（北京店）,5.0,重庆火锅,高碑店,101.0,1452
1118594190,眉州东坡（龙德店）,5.0,川菜,天通苑,89.0,250
1683926605,半天妖烤鱼（新年华购物中心店）,5.0,烤鱼,广外大街,80.0,657
1771317380,楠火锅（酒仙桥店）,5.0,重庆火锅,酒仙桥,147.0,35
1517700921,半天妖烤鱼（密云朗福儿童广场店）,5.0,烤鱼,密云县县城,76.0,1024
195576664,三石三日音乐花园餐厅,5.0,融合菜,回龙观,106.0,495
1853377694,半天妖烤鱼（西站食宝街店）,5.0,烤鱼,北京西站/军博,80.0,1052
1080940863,半天妖烤鱼（密云物美鼓楼店）,5.0,烤鱼,密云县县城,68.0,745
1852545828,半天妖烤鱼（中昂时代物美店）,5.0,烤鱼,门头沟城区,77.0,967
1159499007,仙座•重庆市井火锅（良乡店）,5.0,重庆火锅,良乡,82.0,483
1738259319,瓜娃子老火锅（TBD万科店）,5.0,重庆火锅,沙河,103.0,109
587379817,半天妖烤鱼（鼎城当代店）,5.0,烤鱼,苹果园,78.0,740
1467886672,八次方密云水库鱼粘卷子·熏鸽子·农家菜,5.0,农家菜,密云县县城,46.0,258
1187901361,南锣肥猫·麻辣烤鱼（国瑞城购物中心店）,5.0,烤鱼,崇文门,119.0,194
1526781913,半天妖（沁山水店）,5.0,烤鱼,鲁谷,79.0,648
1841493979,半天妖烤鱼（延庆环球新意广场店）,5.0,烤鱼,延庆城区,77.0,636
118715196,眉州小吃（回龙观西大街店）,5.0,川味小吃,回龙观,34.0,593
654297107,月亮狮家的火锅（复兴门店）,5.0,重庆火锅,复兴门,78.0,915
503338452,半天妖烤鱼（古城万荟店）,5.0,烤鱼,古城/八角,76.0,818
177564829,椒社•水煮鱼•川菜（马驹桥店）,5.0,酸菜鱼/水煮鱼,马驹桥,96.0,205
1564090126,全牛匠·乐山跷脚牛肉（魏公村店）,5.0,川菜,魏公村,76.0,98
1518253422,半天妖烤鱼（首钢园六工汇店）,5.0,烤鱼,石景山区,78.0,479
698556407,南锣肥猫·麻辣烤鱼（西铁营万达店）,5.0,烤鱼,北京南站/开阳里,96.0,100
670873613,楠火锅（大兴荟聚店）,4.9,重庆火锅,西红门,133.0,41
1339365586,眉州东坡小酒馆（太阳宫凯德MALL店）,5.0,川菜,太阳宫,85.0,170
1652930,眉州小吃（泛海店）,5.0,川味小吃,石佛营,45.0,179
1406571044,南锣肥猫·麻辣烤鱼（荟聚购物中心西红门店）,5.0,烤鱼,西红门,126.0,52
1073343829,南锣肥猫·麻辣烤鱼（财富购物中心店）,5.0,烤鱼,国贸/建外,99.0,75
5487672,眉州小吃（北苑华贸店）,4.9,川味小吃,北苑家园,43.0,160
1846660835,半天妖烤鱼（绿地缤纷城店）,5.0,烤鱼,长阳镇,76.0,397
1123010729,眉州东坡酒楼（丽泽店）,5.0,川菜,丽泽桥/丰管路,86.0,85
733404091,眉州东坡小酒馆（悠唐店）,5.0,川菜,悠唐生活广场,88.0,118
194664895,南锣肥猫·麻辣烤鱼（龙德广场店）,4.9,烤鱼,天通苑,125.0,123
1742618795,南锣肥猫·麻辣烤鱼（北投购物公园店）,5.0,烤鱼,鸟巢/水立方,98.0,106
195729182,江边城外烤全鱼（通州北苑店）,5.0,烤鱼,通州北苑,100.0,378
5157969,眉州小吃（通州店）,5.0,川味小吃,新华大街,40.0,148
694424123,半天妖烤鱼（五道口食尚苑店）,5.0,烤鱼,五道口,80.0,358
1601312238,小城渔家（路劲世界广场店）,5.0,烤鱼,昌平镇,81.0,373
1654117244,蜀香诱惑·水煮椒麻鱼（沙河店）,5.0,川菜,沙河,68.0,411
928135687,马记永·兰州牛肉面（北京大兴大悦春风里店）,5.0,面条,黄村,41.0,176
898983752,红菜坊·烤鸭·川鲁菜（密云店）,5.0,家常菜,密云果园,71.0,547
1135422952,南锣面庄·豌杂面&乐山绵绵冰（南锣鼓巷店）,5.0,面条,南锣鼓巷/鼓楼东大街,29.0,64
654399073,南锣肥猫·麻辣烤鱼（房山龙湖熙悦天街店）,5.0,烤鱼,良乡,109.0,50
1442954472,马记永·兰州牛肉面（丰台大悦春风里店）,5.0,面条,新宫,39.0,92
546195480,江边城外烤全鱼（通州武夷华联店）,5.0,烤鱼,武夷花园,100.0,383
1142005198,蜀风香辣馆烤鱼（广渠门店）,5.0,烤鱼,广渠门内,68.0,1124
577716997,南锣肥猫·麻辣烤鱼（王府井APM店）,5.0,烤鱼,王府井/东单,131.0,42
1828109914,南锣肥猫·麻辣烤鱼（融科资讯中心店）,5.0,烤鱼,中关村,106.0,50
1794037922,井格重庆火锅（大兴大悦春风里店）,5.0,重庆火锅,黄村,92.0,116
1007588263,水煮三国（新世界百货2期店）,5.0,川菜,崇文门,47.0,1101
1132848562,汇泽餐厅,5.0,湘菜,良乡,95.0,65
1867720656,盈真族蒸汽海鲜·老川菜（诺德店）,5.0,海鲜,世界公园,120.0,63
1099260363,炉鱼（西三旗万象汇店）,5.0,烤鱼,西三旗,82.0,104
1395300631,鸿姐老火锅（慈云寺店）,5.0,重庆火锅,慈云寺/八里庄,130.0,14
704879817,巴蜀王婆大虾（延庆店）,5.0,虾蟹火锅,延庆城区,80.0,53
780956306,江边城外烤全鱼（延庆万达店）,5.0,烤鱼,延庆城区,86.0,254
1934264780,南锣肥猫·麻辣烤鱼（瀛海环宇坊店）,5.0,烤鱼,南苑/德茂桥,121.0,53
1260587761,半天妖烤鱼（西城西直门凯德Mall店）,5.0,烤鱼,西直门/动物园,79.0,102
1581210668,虾匠·炭火烧烤·唐风精酿酒馆（国贸花园店）,5.0,小龙虾,国贸/建外,144.0,27
1330156231,江边城外烤全鱼（亦庄龙湖天街店）,5.0,烤鱼,大兴区,117.0,99
1614068091,眉州东坡川菜小馆（龙湖店）,5.0,川菜,北苑家园,82.0,59
828035994,半天妖烤鱼（大兴凯德店）,5.0,烤鱼,庞各庄,81.0,217
907743288,半天妖烤鱼（昌平龙德广场店）,5.0,烤鱼,天通苑,72.0,112
1664171723,江边城外烤全鱼（清河万象汇店）,5.0,烤鱼,清河,104.0,54
1417939458,蜀香诱惑·水煮椒麻鱼（亚运村店）,5.0,川菜,小营,82.0,111
1404128294,半天妖烤鱼（崇文门新世界店）,5.0,烤鱼,崇文门,71.0,79
881524103,江边城外烤全鱼（丽泽天地店）,5.0,烤鱼,六里桥/丽泽桥,108.0,39
1337410845,江边城外烤全鱼（亦庄华联店）,5.0,烤鱼,亦庄,110.0,52
1930108803,凡庭轩·牛腩火锅·蔬菜自助（物资学院店）,5.0,四川火锅,物资学院,66.0,288
1230702401,岚姐社区火锅,5.0,重庆火锅,马坡牛栏山镇,73.0,26
521544996,江边城外烤全鱼（光耀东方店）,5.0,烤鱼,北京西站/军博,104.0,45
1795247935,527金沙家宴•烧烤•成都火锅（万霖科技大厦店）,5.0,四川火锅,上地,99.0,51
1268785767,江边城外烤全鱼（瀛海环宇坊店）,5.0,烤鱼,大兴区,112.0,45
1158555521,麻吖辣吖·清油火锅（中山街店）,5.0,火锅,通州北苑,68.0,126
526822851,大盐帮（海淀印象城店）,5.0,川菜,公主坟/万寿路,78.0,17
1040483388,半天妖烤鱼（海淀西三旗万象汇店）,5.0,烤鱼,西三旗,86.0,47
1568809744,蛙太公,5.0,川菜,芍药居,49.0,62
586711956,梁然烤鱼吧（城关店）,5.0,烤鱼,城关街道,28.0,88
1815779058,文姬小馆,5.0,羊蝎子火锅,门头沟城区,82.0,94
1539450077,来个宝沸堂蛙·重庆美蛙火锅（望京店）,5.0,蛙火锅,望京,94.0,30
186886224,牛之味,5.0,牛羊肉火锅,回龙观,90.0,97
981593538,蜀肠缘江油肥肠火锅,4.9,四川火锅,北苑家园,82.0,43
1360619113,馋猫酸菜鱼（马驹桥店）,5.0,酸菜鱼/水煮鱼,马驹桥,49.0,64
1157100900,川说火锅（总部基地店）,5.0,四川火锅,世界公园,82.0,24
613820654,羊葱头·精酿烤鱼吧,5.0,烤鱼,小汤山镇,55.0,38
1334193590,爱尚川渝小火锅,5.0,小火锅,亦庄,32.0,112
1002652962,张老三农家地锅鸡铁锅肥肠,5.0,本地鸡窝火锅,武夷花园,52.0,62
124617350,李庄小院灶台鱼,5.0,东北菜,南口镇,60.0,78
1333480248,俏江南（亦庄店）,5.0,川菜,次渠,213.0,3
862685244,朋聚四九城·烤鱼（黄厂店）,5.0,烤鱼,朝阳区,0.0,36
1232761565,喜乐巷火锅（五道口店）,5.0,重庆火锅,五道口,96.0,11
667847103,伊家烤鱼,5.0,烤鱼,回龙观,65.0,36
1224103011,者者居川菜小酒馆,5.0,川菜,通州北苑,63.0,45
680468899,王记烤鱼,4.9,烤鱼,顺义区,72.0,65
1486728690,诚姐火锅（红莲直营店）,5.0,四川火锅,六里桥/丽泽桥,101.0,11
1178321400,阔阔麻辣香锅,5.0,干锅/香锅,黄村,34.0,38
1659630666,柠檬音乐餐厅,5.0,中西餐厅,昌平区,93.0,36
843182463,鱼生有你时尚烤鱼（西周路店）,5.0,烤鱼,马驹桥,0.0,29
1067368101,尚鱼轩烤鱼川湘家常菜（大黄庄店）,5.0,烤鱼,定福庄,71.0,40
1378162111,邂逅纸包鱼,5.0,烤鱼,石园,60.0,13
1918346541,鸿兴源酸菜鱼烤鱼,5.0,烤鱼,黄村,0.0,20
843595258,憨呼呼重庆火锅（众诚大厦店）,5.0,重庆火锅,云岗,0.0,11
1598276563,蛙小厨（慈云寺店）,5.0,川菜,慈云寺/八里庄,0.0,7
1858783644,半天妖烤鱼（长安商场店）,5.0,烤鱼,复兴门,82.0,7
172429982,仁合山居民宿餐厅,5.0,农家菜,密云区,79.0,16
1725200978,两只耳蛙蛙鱼火锅,5.0,鱼火锅,昌平镇,64.0,26
1405905153,好人缘食府,5.0,农家菜,大兴区,53.0,4
765388397,伴局·融合菜·音乐酒吧,5.0,西式简餐,看丹桥/新华街,105.0,0
1807758466,美滋滋麻辣串串（平乐园店）,5.0,麻辣烫,劲松/潘家园,32.0,0
1525474145,太二酸菜鱼（门头沟龙湖天街店）,5.0,酸菜鱼/水煮鱼,门头沟城区,94.0,1
1956908044,太二酸菜鱼（望京凯德MALL店）,5.0,酸菜鱼/水煮鱼,望京,97.0,0
1072457174,太二酸菜鱼（西三旗万象汇店）,5.0,酸菜鱼/水煮鱼,西三旗,92.0,0
1781402137,渝特别·有机鱼头火锅（金融街旗舰店）,5.0,海鲜火锅,西单,0.0,0
81878072,渝信川菜·宴会厅（西单店）,5.0,餐厅宴会,西单,264.0,0
112027864,重八牛府（花乡奥莱店）,4.9,重庆火锅,花乡/新发地,99.0,11604
517784840,半天妖烤鱼（石景山万达广场店）,4.9,烤鱼,鲁谷,87.0,4617
101320912,沸炉重庆老火锅（牡丹园店）,4.9,重庆火锅,牡丹园/北太平庄,95.0,1660
40534131,沸炉重庆老火锅（军事博物馆店）,4.9,重庆火锅,北京西站/军博,95.0,1355
6712797,眉州东坡（北苑华贸店）,4.9,川菜,北苑家园,85.0,942
20541,渝乡辣婆婆（万丰路店）,4.9,川菜,六里桥/丽泽桥,100.0,1317
1654942506,楠火锅（台湾街店）,4.9,重庆火锅,鲁谷,139.0,221
290774,眉州东坡酒楼（大兴店）,4.9,川菜,黄村,96.0,1046
1587245418,楠火锅（怀柔店）,4.9,重庆火锅,商业街,129.0,215
772056252,半天妖烤鱼（密云万象汇店）,4.9,烤鱼,密云县县城,73.0,2042
184175089,重八牛府之不忘初心（学院路店）,4.8,重庆火锅,五道口,102.0,1766
631374202,醉二肥肠螺蛳粉火锅（望京总店）,4.9,特色火锅,望京,81.0,666
159735321,重庆邹三姐老火锅（东关店）,4.9,重庆火锅,昌平镇,82.0,4335
1899556530,福禄娃一家人火锅（上地店）,4.9,四川火锅,上地,130.0,161
596759050,鸿姐老火锅（北京首店）,4.9,重庆火锅,东大桥,139.0,177
88043091,沸炉重庆老火锅（和平里店）,4.9,重庆火锅,和平里/国展中心,95.0,1127
1530191386,重八牛府（房山天街店）,4.9,重庆火锅,良乡,95.0,2487
264076,眉州东坡酒楼（密云店）,4.9,川菜,长城环岛,85.0,1823
1950062989,重八牛府之四海来客（食宝街店）,4.9,重庆火锅,航天桥,98.0,1475
165129297,南锣肥猫·麻辣烤鱼（华联亦庄购物中心店）,4.9,烤鱼,亦庄,107.0,1460
189280603,南锣肥猫·麻辣烤鱼（合生汇店）,4.9,烤鱼,百子湾,123.0,701
266357,眉州东坡（雁栖店）,4.9,川菜,雁栖开发区,91.0,913
1174125212,半天妖烤鱼（北京东方新天地店）,4.9,烤鱼,王府井/东单,87.0,1183
679152965,半天妖烤鱼（乐多港万达店）,4.9,烤鱼,昌平镇,79.0,1403
700958383,半天妖烤鱼（北京熙悦龙湖天街店）,4.9,烤鱼,良乡,79.0,1161
1098679596,半天妖青花椒烤鱼（王府井百货大楼店）,4.9,烤鱼,王府井/东单,86.0,1526
652064016,半天妖烤鱼（知春路店）,4.9,烤鱼,知春路,81.0,780
179503024,签牛签王串串香火锅（大窦路店）,4.9,串串香,窦店镇,71.0,960
1722192021,蜀龙码头·金牌水煮鱼（北清路店）,4.9,酸菜鱼/水煮鱼,西北旺,114.0,305
555749013,半天妖烤鱼（凯德MALL大峡谷店）,4.9,烤鱼,马家堡/角门,80.0,1163
264065,眉州东坡（怀柔店）,4.9,川菜,下园,89.0,1260
1058251890,半天妖烤鱼（北京鸿坤广场店）,4.9,烤鱼,西红门,78.0,892
1372025243,楠火锅（王府井东方新天地店）,4.9,重庆火锅,王府井/东单,142.0,85
1171776209,蜀风香辣馆烤鱼（车公庄店）,4.9,烤鱼,航天桥,64.0,1454
562805808,瓜娃子老火锅（回龙观店）,4.9,重庆火锅,回龙观,95.0,245
1979322028,半天妖烤鱼（银泰百货大红门店）,4.9,烤鱼,马家堡/角门,80.0,1954
610265240,半天妖烤鱼（门头沟双峪物美店）,4.9,烤鱼,门头沟城区,78.0,1360
82069363,海底捞火锅（常营华联店）,4.9,四川火锅,常营,110.0,328
1106082113,井格重庆火锅（新街口店）,4.9,重庆火锅,新街口,117.0,566
982758744,半天妖烤鱼（永辉百子湾店）,4.9,烤鱼,百子湾,85.0,640
1064049631,雅佳神话·麻辣烤鱼（天通尾货店）,4.9,烤鱼,天通苑,80.0,1266
1134614284,井格重庆火锅（丰台大悦春风里店）,4.9,重庆火锅,新宫,111.0,300
277814,王家渡火锅店（怀柔迎宾北路店）,4.9,四川火锅,怀柔城区,113.0,400
163147038,江边城外烤全鱼（领展购物广场·中关村店）,4.9,烤鱼,中关村,102.0,405
742608764,旺蜀主成都串串酒馆（西直门凯德MALL店）,4.9,串串香,西直门/动物园,108.0,90
1125132374,鱼酷活鱼烤鱼（槐房万达店）,4.9,烤鱼,新宫,98.0,414
1821722422,井格重庆火锅（汉光百货店）,4.9,重庆火锅,西单,117.0,427
1828292852,楠火锅（长安天街店）,4.9,重庆火锅,门头沟城区,140.0,111
1626534453,江边人家巫山烤全鱼（金宝天阶店）,4.9,烤鱼,马坡牛栏山镇,77.0,1595
160288318,江边城外烤全鱼（万柳华联店）,4.9,烤鱼,万柳,101.0,477
748902999,半天妖烤鱼（国泰良辰百货店）,4.9,烤鱼,良乡,75.0,691
177720756,眉州东坡（上地华联店）,4.9,川菜,上地,86.0,330
951076679,楠火锅（天通苑华联店）,4.9,重庆火锅,天通苑,133.0,59
1269754905,半天妖烤鱼（丰台华联BHG店）,4.9,烤鱼,草桥/公益西桥,82.0,533
853685246,半天妖烤鱼（北京房山印象城店）,4.9,烤鱼,长阳镇,79.0,873
1332965199,半天妖烤鱼（飘亮广场店）,4.8,烤鱼,亚运村,86.0,767
1818686736,半天妖烤鱼（七里庄首航店）,4.9,烤鱼,北大地/万丰路,78.0,502
182428154,重庆邹三姐老火锅（王佐店）,4.9,重庆火锅,云岗,82.0,707
816033970,甘大侠小龙虾江湖菜水煮鱼（顺义店）,4.9,川菜,顺义城区,98.0,70
42445072,重庆邹三姐老火锅（顺义店）,4.9,重庆火锅,顺义城区,86.0,1835
1246898866,蜀风香辣馆烤鱼（世纪城店）,4.9,烤鱼,远大路,65.0,1041
1313990390,半天妖烤鱼（卜蜂莲花北苑店）,4.9,烤鱼,北苑家园,80.0,942
1790306642,我们一起去成都（昌平沙河店）,4.9,川菜,沙河,50.0,538
1703945011,半天妖烤鱼（昌平天通苑华联店）,4.9,烤鱼,天通苑,86.0,795
1783708239,半天妖烤鱼（万科时代店）,4.9,烤鱼,慈云寺/八里庄,76.0,666
1260331636,虾匠•川菜•烧烤·小酒馆（好运街店）,4.9,小龙虾,亮马桥/三元桥,117.0,101
1463395362,禾院儿·新川菜小酒馆（鼓楼店）,4.9,川菜,地安门,85.0,175
1834362293,半天妖烤鱼（北京四元桥店）,4.9,烤鱼,望京,81.0,505
552870256,半天妖烤鱼（京北大世界店）,4.9,烤鱼,京北大世界,77.0,403
1869114644,半天妖烤鱼（物美陶然亭店）,4.9,烤鱼,前门/天坛,80.0,643
1057960843,渡娘火锅（门头沟龙湖店）,4.9,四川火锅,门头沟城区,122.0,172
193917966,江边城外烤全鱼（顺义华联店）,4.9,烤鱼,顺义城区,96.0,644
6057284,眉州小吃（国奥村店）,4.9,川味小吃,鸟巢/水立方,35.0,271
180599722,江边城外烤全鱼（房山龙湖店）,4.9,烤鱼,良乡,97.0,557
520326552,南锣肥猫·麻辣烤鱼（世纪金源购物中心店）,4.9,烤鱼,远大路,116.0,168
1835968182,井格重庆火锅（长楹天街店）,4.9,重庆火锅,常营,145.0,302
1761182957,江边城外烤全鱼（双桥万达店）,4.9,烤鱼,双桥,97.0,271
772499636,半天妖烤鱼（华尚金泰广场店）,4.9,烤鱼,长阳镇,83.0,380
1891115119,椒爱水煮鱼·川菜（北京密云万象汇店）,4.9,酸菜鱼/水煮鱼,密云县县城,97.0,230
1711498087,鱼神探·新派纸包鱼（马驹桥店）,4.9,烤鱼,马驹桥,77.0,741
192601283,江边城外烤全鱼（房山印象城店）,4.9,烤鱼,长阳镇,96.0,468
1439638592,蜀老三黑豆花鱼火锅（后沙峪店）,4.9,鱼火锅,后沙峪,63.0,731
1756741235,贾大娘乐山跷脚牛肉（丰科万达店）,4.9,川菜,总部基地,56.0,147
1623596889,笋呦呦烤鱼（常营店）,4.9,烤鱼,常营,82.0,186
1244292755,江边城外烤全鱼（门头沟店）,4.9,烤鱼,门头沟城区,98.0,392
1802992412,眉州东坡（五路居店）,4.9,川菜,四季青,90.0,421
1314383130,点吧点儿·螺蛳粉肥肠锅（亦庄店）,4.9,川菜,亦庄,99.0,120
1822923946,金鱼盆32年水煮鱼·川湘菜（王府井APM店）,4.9,湘菜,王府井/东单,120.0,80
190623596,江边城外烤全鱼（公益西桥华联店）,4.9,烤鱼,草桥/公益西桥,93.0,237
530565931,江边城外烤全鱼（熙悦天街店）,4.9,烤鱼,良乡,94.0,365
179428414,江边城外烤全鱼（甘家口店）,4.9,烤鱼,甘家口百货,100.0,272
589796921,半天妖烤鱼（六道口海淀弘彧大厦店）,4.9,烤鱼,学院桥/学院路,74.0,238
511180219,半天妖烤鱼（清河万象汇店）,4.9,烤鱼,清河,90.0,456
1063777220,月亮狮家的火锅（五道口店）,4.9,重庆火锅,五道口,70.0,1213
868509308,鱼神探·新派纸包鱼（物资学院店）,4.9,烤鱼,物资学院,73.0,568
1389537668,南锣肥猫·麻辣烤鱼（毕淘买生活广场店）,4.9,烤鱼,酒仙桥,108.0,148
1161238119,南锣肥猫·麻辣烤鱼（双桥万达店）,4.9,烤鱼,双桥,96.0,160
756728911,江边城外烤全鱼（回龙观店）,4.9,烤鱼,回龙观,102.0,384
1809155605,海咖咖老火锅,4.9,重庆火锅,昌平镇,96.0,255
193804778,小城渔家（沙河店）,4.9,烤鱼,沙河,80.0,414
1107104884,南锣肥猫·麻辣烤鱼（望京凯德MALL店）,4.9,烤鱼,望京,119.0,124
1586862131,棠小山钵钵鸡（华贸天地店）,4.9,钵钵鸡,北苑家园,52.0,73
150067406,眉州小吃（新荟城店）,4.9,川味小吃,望京,42.0,152
180597580,江边城外烤全鱼（西点茂店）,4.9,烤鱼,五棵松,95.0,237
165630815,江边城外烤全鱼（世界之花店）,4.9,烤鱼,旧宫,98.0,265
1026538533,龙琰·潮汕鲜牛肉火锅（方庄店）,4.9,潮汕牛肉火锅,方庄/蒲黄榆,93.0,67
1700826221,双龙井状元火锅·川渝味道（平谷旗舰店）,4.9,四川火锅,平谷城区,84.0,273
1070619640,四零五老火锅,4.9,重庆火锅,百子湾,107.0,131
1573221187,半天妖烤鱼（大望路新世界店）,4.9,烤鱼,大望路,91.0,263
1258914320,全牛匠·乐山跷脚牛肉（天通苑华联店）,4.9,川菜,天通苑,54.0,118
1645325335,研家·川式私房面（芳圆里店）,4.9,面条,百子湾,29.0,61
164930137,馋火炉鱼·烤鱼（晓月广场集美店）,4.9,烤鱼,卢沟桥,57.0,874
1141141644,佐三江里·宜宾川菜,4.9,川菜,月坛,149.0,31
1029702136,味妙烤鱼吧（怀柔万达店）,4.9,烤鱼,怀柔城区,81.0,145
558349969,山城江边烤鱼（绮美大厦店）,4.9,烤鱼,远大路,53.0,628
1823813335,楠火锅（方庄店）,4.9,重庆火锅,方庄/蒲黄榆,136.0,17
1972733652,禾院东风·川味小馆（丽泽店）,4.9,川菜,丽泽桥/丰管路,99.0,70
506830720,开心制造坞火锅（昌平悦荟店）,4.9,四川火锅,昌平镇,132.0,67
1409757443,楠火锅（西铁营万达店）,4.9,重庆火锅,北京南站/开阳里,149.0,17
1626370299,江边城外烤全鱼（六工汇店）,4.9,烤鱼,石景山区,93.0,104
182627358,鱼你在一起（亦庄上海沙龙店）,4.9,酸菜鱼/水煮鱼,亦庄,36.0,158
664230296,川成元·麻辣香锅（财富购物中心店）,4.9,干锅/香锅,国贸/建外,83.0,104
697174545,江边城外烤全鱼（航天桥店）,4.9,烤鱼,航天桥,96.0,160
187896254,川咖烤鱼•香锅（杜家坎集美店）,4.9,烤鱼,卢沟桥,56.0,411
1180366785,山城妹儿市井火锅（次渠店）,4.9,重庆火锅,次渠,89.0,399
1739523375,南锣肥猫·麻辣烤鱼（北苑上品店）,4.9,烤鱼,北苑家园,107.0,76
542192511,玺發發串串火锅馆（国瑞城购物中心店）,4.9,四川火锅,崇文门,102.0,18
697522161,肖四女乐山跷脚牛肉（姚家园万象汇店）,4.9,川菜,姚家园,62.0,78
1884639332,半天妖烤鱼（新辰里购物中心店）,4.9,烤鱼,亚运村,82.0,193
1619233105,半天妖烤鱼（大兴绿地缤纷城东岸店）,4.9,烤鱼,黄村,84.0,107
709401079,半天妖烤鱼（回龙观同成街华联店）,4.9,烤鱼,回龙观,74.0,233
654462722,蜀渔港青花椒烤鱼新派自助（梨园店）,4.9,烤鱼,梨园,54.0,614
505325096,8000M烤鱼烧烤（回龙观店）,4.9,烤鱼,回龙观,71.0,315
660190011,辣江湖重庆火锅（北京首店）,4.9,重庆火锅,望京,105.0,115
758428833,半天妖青花椒烤鱼（丽泽天地店）,4.9,烤鱼,丽泽桥/丰管路,91.0,203
1279468940,江边城外烤全鱼（乐多港万达店）,4.9,烤鱼,昌平镇,93.0,129
873093711,花盐街·民间川菜（西单大悦城店）,4.9,川菜,西单,75.0,85
982078091,辣小竹串铺火锅·露营主题（某一村店）,4.9,川味火锅,孙河,107.0,44
1185278401,赫师傅美蛙鱼头川火锅,4.9,重庆火锅,亚运村,90.0,158
1497652512,芙蓉堂会•江湖菜（北京中骏世界城店）,4.9,川菜,门头沟城区,69.0,52
5294900,眉州小吃（东坝店）,4.9,川味小吃,东坝,35.0,121
1177583472,古城私房烤鱼（八达岭长城店）,4.9,烤鱼,八达岭,64.0,157
1012060503,鸿姐老火锅（五道口店）,4.9,重庆火锅,五道口,139.0,12
947579238,半天妖烤鱼（昌平路劲世界城店）,4.9,烤鱼,昌平镇,81.0,81
1104213800,醉二肥肠火锅专门店（五里坨店）,4.9,四川火锅,五里坨,77.0,61
98130940,巫山烤全鱼（新中街总店）,4.9,烤鱼,密云县县城,67.0,742
159969580,辣香婆烤鱼粥烧烤,4.9,烤鱼,后沙峪,62.0,183
561344801,半天妖烤鱼（龙湖长楹天街店）,4.9,烤鱼,常营,81.0,89
187435646,老李家炒鸡·鸡汤烩面（回龙观店）,4.9,烩面,回龙观,29.0,46
1930509940,溪客莱·重庆九宫格老火锅（千禧店）,4.9,重庆火锅,青塔,82.0,71
1604321273,我们一起去成都（大兴龙湖店）,4.9,川菜,庞各庄,38.0,64
300163,北京重庆饭店,4.9,川菜,左家庄,115.0,62
549991105,邹三姐宏源家宴·川菜（西关店）,4.9,川菜,昌平镇,0.0,98
1653047833,尧日渔乡湘菜（小井店）,5.0,湘菜,北大地/万丰路,102.0,45
686382068,眉州东坡（西大望路店）,4.9,川菜,十里河,75.0,32
906972358,南锣肥猫·麻辣烤鱼（乐成中心SPACE3店）,4.9,烤鱼,双井,120.0,25
195405015,古兰铜锅涮肉（城关店）,4.9,老北京火锅,城关街道,58.0,123
1721856161,十里湘重庆火锅（梨园店）,4.9,重庆火锅,梨园,68.0,226
1444086953,酒拾久坐·水煮鱼（中关村店）,4.9,川菜,中关村,87.0,45
1247644035,谭小嗨·牛骨老卤汁火锅（双榆树店）,4.9,四川火锅,双榆树,59.0,133
1367191125,鱼小渔烤鱼·串吧（亦庄亦城名苑店）,4.9,烤鱼,亦庄,83.0,50
795485645,渝湘情烤鱼牛蛙（双桥店）,4.8,烤鱼,双桥,70.0,93
1551354236,麻婆小馆麻辣牛蛙小龙虾烧烤,4.9,川菜,西直河,48.0,173
717254654,鼎鑫·铁锅炖·私房菜（大都汇店）,4.9,东北菜,门头沟城区,71.0,165
796598500,蜀龙码头·金牌水煮鱼（丽泽店）,4.9,酸菜鱼/水煮鱼,丽泽桥/丰管路,147.0,12
1761291683,山城妹儿市井火锅,4.9,重庆火锅,宋庄,78.0,76
1468360080,川少渔家·水煮鱼（新光界店）,4.9,川菜,丽泽桥/丰管路,77.0,43
703127241,食客小馆,4.9,川菜,顺义城区,55.0,61
1150590792,麻辣香锅（新世界百货2期店）,4.9,干锅/香锅,崇文门,38.0,143
1728769545,渝芙蓉烤全鱼·川菜（金隅智造工场店）,4.9,烤鱼,西三旗,69.0,51
1058352640,峨嵋酒家（金沟河店）,4.9,川菜,五棵松,111.0,10
1328373472,有搞头烤鱼川菜馆,4.9,烤鱼,草桥/公益西桥,72.0,27
190402344,鱼你在一起（平谷新开街店）,4.8,酸菜鱼/水煮鱼,平谷城区,33.0,84
597002810,二胖麻辣香锅（顺义店）,4.9,干锅/香锅,顺义城区,35.0,125
738539010,捷猫烤鱼川湘菜,4.9,烤鱼,北七家,47.0,55
1887128546,哈拉气烧烤文化馆（加州水郡店）,4.9,烤串,华冠天地,74.0,85
275050,棕榈泉北京中心,4.9,川菜,朝阳公园/团结湖,545.0,59
574482477,耍锅锅重庆火锅,4.9,重庆火锅,东城区,96.0,20
1471119206,一城一味·纸包烤鱼,4.9,烤鱼,马驹桥,45.0,91
931624147,领域火锅鸡,4.9,炭火锅/铜锅,沙河,60.0,30
1846816816,渝见·渝菜,4.9,川菜,古城/八角,44.0,80
930880278,炊牛班·辣蛙酒馆·江湖川菜,4.9,川菜,昌平镇,67.0,34
1395239195,遇见89号院,4.9,特色火锅,青龙湖镇,112.0,8
767614532,湘聚源·纸包鱼,4.9,烤鱼,延庆区,49.0,62
1821361580,韩鱼客烤鱼（纪家庙店）,4.9,烤鱼,夏家胡同/纪家庙,60.0,77
1054954073,凳子哥万州烤鱼,4.9,烤鱼,东四十条,80.0,37
1597498965,有家自选餐,4.9,快餐简餐,朝外大街,22.0,64
1680534078,鱼虾斗宴•香辣虾•秘制烤鱼•特色火锅,4.9,烤鱼,次渠,61.0,36
552714276,古城莜面村,5.0,中西餐厅,八达岭,0.0,24
657614481,渝江湖沸腾鱼江湖菜（房山店）,4.9,川菜,良乡,58.0,54
1293239302,京好食,4.9,家常菜,丰台区,83.0,18
1302968057,眉州东坡(回龙观店),4.9,川菜,回龙观,80.0,9
3255868,渝味轩·重庆火锅·麻辣烤鱼（昌职店）,4.9,重庆火锅,沙河,96.0,22
1377848414,王者•烤鱼吧（沙河于辛庄店）,4.8,烤鱼,沙河,64.0,20
1368535825,明记小龙虾江湖菜,4.9,川菜,顺义城区,78.0,18
1168541810,小螺啦螺蛳粉火锅,4.8,螺蛳粉火锅,朝阳大悦城,82.0,4
859465371,国壹-蜀宴汇（光明大厦店）,4.9,川菜,燕莎,71.0,10
1391884139,蛙状元（长阳店）,4.9,火锅,长阳镇,0.0,10
594186439,湘荷雅筵·荷花主题·湖南菜,4.9,湘菜,顺义城区,75.0,5
637924651,刘记烤鱼,4.9,烤鱼,良乡,0.0,18
1006005491,湘厨肥肠馆（立水桥店）,4.9,川菜,立水桥,0.0,6
1955066262,小鱼大作.酸菜鱼（北苑龙湖店）,4.9,烤鱼,北苑家园,0.0,5
1712075770,宽窄巷子,4.9,川菜,顺义区,0.0,13
1276010590,七怪鸽子王音乐烧烤坊,4.9,烤串,良乡,0.0,10
927318989,王丽丽老火锅（工体店）,4.8,重庆火锅,工人体育场,95.0,0
632328937,任你食麻辣烫串串,4.9,串串香,昌平镇,16.0,22
514823777,野布丁重庆火锅·露营烧烤·戏水游乐,4.9,重庆火锅,昌平区,90.0,1
98147680,重八牛府之小刀牛试（魏公村店）,4.8,重庆火锅,魏公村,106.0,5599
182408714,龙船码头·成都醉美火锅（北航店）,4.8,四川火锅,知春路,104.0,1279
311260,辣婆婆（金源店）,4.8,川菜,远大路,120.0,4322
1318898502,楠火锅（北京总店）,4.8,重庆火锅,三里屯/工体,158.0,313
375596,眉州东坡（国奥村店）,4.8,川菜,鸟巢/水立方,101.0,1437
1742730821,龙船码头·成都醉美火锅（中关村店）,4.8,四川火锅,中关村,93.0,645
5400587,井格重庆火锅（亚运村店）,4.8,重庆火锅,亚运村,105.0,5180
1171228,眉州东坡酒楼（泛海店）,4.8,川菜,姚家园,93.0,1022
532639,眉州东坡酒楼（博雅店）,4.8,川菜,望京,93.0,1439
359007,眉州东坡（通州店）,4.8,川菜,新华大街,102.0,1772
52490288,眉州东坡（远洋未来广场店）,4.8,川菜,亚运村,87.0,988
264458,辣婆婆（航天桥店）,4.8,川菜,航天桥,95.0,1396
179151826,渡娘火锅（世贸天阶店）,4.8,四川火锅,朝外大街,118.0,467
78386170,井格重庆火锅（西直门凯德Mall店）,4.9,重庆火锅,西直门/动物园,122.0,1224
1370169129,楠火锅（中骏世界城店）,4.8,重庆火锅,朝外大街,135.0,133
1160244290,重八牛府之匠心致远（暖山生活广场店）,4.8,重庆火锅,北苑家园,99.0,1718
6867384,眉州东坡（东坝店）,4.8,川菜,东坝,95.0,1015
714283364,楠火锅（健德门店）,4.8,重庆火锅,牡丹园/北太平庄,144.0,98
1880282020,胡桃里音乐酒馆（公益西桥店）,4.8,川菜,草桥/公益西桥,96.0,1115
1658964,王家渡火锅店（亦庄店）,4.8,四川火锅,亦庄,144.0,711
719161844,诚姐火锅（北京总店）,4.8,四川火锅,大望路,82.0,428
1534666660,重八牛府（青年路大悦城店）,4.8,重庆火锅,青年路,109.0,1126
855375693,半天妖烤鱼（北京房山龙湖天街店）,4.8,烤鱼,良乡,78.0,1744
294487,江边城外烤全鱼（牡丹园店）,4.8,烤鱼,牡丹园/北太平庄,95.0,1736
1323382959,半天妖烤鱼（槐房万达店）,4.8,烤鱼,新宫,79.0,2083
298219,王家渡火锅店（棕榈泉店）,4.8,四川火锅,朝阳公园/团结湖,185.0,825
830030658,谭鸭血老火锅（太平桥店）,4.8,四川火锅,六里桥/丽泽桥,99.0,467
42907491,眉州东坡（鸿坤店）,4.8,川菜,西红门,100.0,1005
65927831,井格重庆火锅（太阳宫凯德店）,4.8,重庆火锅,太阳宫,108.0,782
613882151,点吧点儿·螺蛳粉肥肠锅（三里屯店）,4.8,川菜,三里屯/工体,34.0,471
1724938153,半天妖青花椒烤鱼（大兴龙湖天街店）,4.8,烤鱼,龙湖天街购物中心,79.0,2052
179215392,高兴火锅（五道口店）,4.8,四川火锅,五道口,116.0,1456
118618504,南锣肥猫·麻辣烤鱼（新光界店）,4.8,烤鱼,六里桥/丽泽桥,106.0,7086
1140387874,半天妖青花椒烤鱼（远洋未来汇店）,4.8,烤鱼,慈云寺/八里庄,78.0,675
1924900116,南锣肥猫·麻辣烤鱼（新中关购物中心店）,4.8,烤鱼,中关村,100.0,461
1451365029,唇辣号重庆老火锅（大望路店）,4.8,重庆火锅,大望路,97.0,705
1336699818,半天妖青花椒烤鱼（华贸天地店）,4.8,烤鱼,北苑家园,86.0,1027
97539668,江边城外烤全鱼（龙湖大兴天街店）,4.8,烤鱼,龙湖天街购物中心,94.0,1312
90678870,一味一诚 · 活鱼现烤（霄云路店）,4.8,烤鱼,亮马桥/三元桥,95.0,774
1504496683,半天妖烤鱼（新中关购物中心店）,4.8,烤鱼,中关村,87.0,1332
671437247,盡膳口福跷脚牛肉火锅（三里屯店）,4.8,四川火锅,三里屯/工体,159.0,187
71881688,渝焱·重庆秘宗火锅（合生汇创始店）,4.8,重庆火锅,大望路,120.0,275
1234648253,龙船码头·成都醉美火锅（五道口店）,4.8,四川火锅,五道口,87.0,332
162058541,313羊庄•铁锅烀羊肉（马连道店）,4.8,特色火锅,六里桥/丽泽桥,102.0,1188
1496123972,蜀龙码头·金牌水煮鱼（惠新西街店）,4.8,酸菜鱼/水煮鱼,对外经贸,119.0,314
573049061,优渥水煮鱼·川菜（新奥购物中心店）,4.8,川菜,亚运村,78.0,354
1688721605,鱼酷活鱼烤鱼（丰科万达店）,4.8,烤鱼,世界公园,101.0,815
1373415714,辣婆婆（悠唐店）,4.8,酸菜鱼/水煮鱼,悠唐生活广场,124.0,134
552224618,半天妖烤鱼（合生广场店）,4.8,烤鱼,洋桥/木樨园,80.0,933
754018812,江边城外烤全鱼（石景山万达店）,4.8,烤鱼,鲁谷,89.0,591
971059951,半天妖烤鱼（丰台花乡奥莱店）,4.8,烤鱼,花乡/新发地,80.0,1598
164973046,锦府盐帮·李宅（领展购物广场中关村店）,4.8,川菜,中关村,108.0,156
1070646009,半天妖烤鱼（斯普瑞斯奥莱店）,4.8,烤鱼,金盏,88.0,817
180588001,蜀风香辣馆烤鱼（十里河店）,4.8,烤鱼,十里河,67.0,1375
1182281753,醉二肥肠螺蛳粉火锅（西单华威约饭街店）,4.8,特色火锅,西单,89.0,433
1809500244,朱光玉火锅馆（丰科万达店）,4.8,重庆火锅,总部基地,141.0,51
621339266,雅佳神话·麻辣烤鱼（安宁庄店）,4.8,烤鱼,清河,78.0,769
734087380,半天妖烤鱼（房山首创奥特莱斯店）,4.8,烤鱼,长阳镇,80.0,681
1770784882,宽板凳老灶火锅（京成商厦店）,4.8,重庆火锅,古城/八角,96.0,1245
185488339,全牛匠·乐山跷脚牛肉（通州万达店）,4.8,川菜,新华大街,60.0,440
1544947608,半天妖烤鱼（北京天虹国展店）,4.8,烤鱼,左家庄,77.0,637
114253308,锦府盐帮·张宅（世纪金源店）,4.8,川菜,远大路,112.0,116
1650257695,重庆邹三姐老火锅（永安店）,4.8,重庆火锅,昌平镇,95.0,359
992530722,半天妖烤鱼（中粮春风里店）,4.8,烤鱼,黄村,78.0,871
64521641,盛百味·家宴餐厅（当代商城店）,4.8,川菜,苹果园,83.0,371
1832496283,半天妖烤鱼（三里屯3.3店）,4.8,烤鱼,三里屯/工体,86.0,653
526465647,清真·卜回齐齐哈尔烤肉（常营店）,4.8,融合烤肉,常营,96.0,296
1187555891,程碟衣火锅馆（北京总店）,4.8,重庆火锅,朝外大街,124.0,140
1549067485,半天妖烤鱼（和美购物广场店）,4.8,烤鱼,平谷城区,77.0,495
1097752132,九回川·川菜（怀柔店）,4.8,川菜,商业街,81.0,586
1377802916,半天妖烤鱼（朝阳合生汇店）,4.8,烤鱼,大望路,91.0,915
1196004358,沸腾鱼乡·小宴（枫蓝国际店）,4.8,川菜,北下关,143.0,102
185667004,锦府盐帮·颜宅（清河万象汇店）,4.8,川菜,清河,113.0,99
1953802446,探鱼·鲜青椒爽麻烤鱼（回龙观华联店）,4.8,烤鱼,回龙观,99.0,1007
1031422334,巴蜀王婆大虾（林萃路店）,4.8,虾蟹火锅,清河,89.0,229
1189781259,宽板凳老灶火锅（天通苑店）,4.8,重庆火锅,天通苑,85.0,284
924533004,椒堂火锅（石景山店）,4.8,重庆火锅,模式口,103.0,161
1828399252,石灰石烧鸡公（中关村店）,4.8,川菜,中关村,80.0,112
170537777,海底捞火锅（三里屯店）,4.7,四川火锅,朝阳公园/团结湖,116.0,251
117484383,眉州小吃（京投港·长阳店）,4.8,川味小吃,长阳镇,41.0,360
1810824946,川当家·水煮鱼（白纸坊店）,4.8,川菜,广外大街,96.0,187
953167263,仙座·重庆市井火锅,4.7,重庆火锅,高碑店,73.0,393
1722785948,江边城外烤全鱼（丰科万达店）,4.8,烤鱼,世界公园,103.0,392
194420038,江边城外烤全鱼（崇文门新世界店）,4.8,烤鱼,崇文门,100.0,510
1607079299,先启半步颠小酒馆（丰科万达店）,4.8,川菜,世界公园,79.0,238
1632676361,唇辣号重庆老火锅（翠微百货店）,4.8,重庆火锅,公主坟/万寿路,98.0,281
1683931621,半天妖烤鱼（城乡购物中心店）,4.8,烤鱼,公主坟/万寿路,79.0,543
195036918,付小姐在成都（亚运村店）,4.7,串串香,亚运村,73.0,879
150066824,眉州小吃（环球贸易中心店）,4.8,川味小吃,安贞,41.0,239
1515499432,渡娘火锅（永丰悦界店）,4.8,四川火锅,上庄,123.0,215
1345488215,半天妖青花椒烤鱼（大兴绿地缤纷城店）,4.8,烤鱼,黄村,78.0,388
1607844196,半天妖烤鱼（华冠购物中心店）,4.8,烤鱼,良乡,79.0,403
1114313158,海底捞火锅（延庆万达店）,4.8,四川火锅,延庆城区,103.0,203
849359358,辣婆婆（朝阳大悦城店）,4.8,酸菜鱼/水煮鱼,青年路,142.0,100
63181573,江边城外烤全鱼（丰台永旺店）,4.8,烤鱼,总部基地,97.0,509
714747154,盈真族·蒸汽海鲜·老川菜（和平西桥店）,4.8,海鲜,安贞,145.0,117
1473023536,一味一诚 · 活鱼现烤（通州万达店）,4.8,烤鱼,通州北苑,100.0,160
1596298438,海底捞火锅（合生汇店）,4.8,四川火锅,大望路,117.0,119
1332190997,川当家·水煮鱼（东方广场店）,4.8,川菜,王府井/东单,96.0,113
883963046,鑫方老鸭汤火锅（回龙观店）,4.8,汤锅,回龙观,101.0,176
809341222,福禄娃一家人火锅（丽泽直营店）,4.8,重庆火锅,丽泽桥/丰管路,124.0,137
4489177,眉州小吃（亦庄店）,4.8,川味小吃,亦庄,44.0,181
1525863379,海底捞火锅（大成路店）,4.8,四川火锅,青塔,107.0,149
1965763575,冯三孃跷脚牛肉（北京直营店）,4.8,川菜,五道口,80.0,171
1108124619,蜀国演义,4.8,川菜,德外大街,98.0,149
1309691981,马老官美蛙鱼头火锅,4.8,鱼火锅,昌平镇,93.0,218
1912899735,南锣肥猫·麻辣烤鱼·川湘菜（通州领展店）,4.8,酸菜鱼/水煮鱼,九棵树,94.0,183
1331960798,山海京 ·国潮新京鲁（香山店）,4.8,京菜,香山/植物园,174.0,86
1941317874,半天妖烤鱼（长安龙湖天街店）,4.8,烤鱼,门头沟城区,77.0,524
746908892,清真·卜回齐齐哈尔烤肉（通州店）,4.8,融合烤肉,梨园,96.0,430
1879213431,椒尚鲜烤全鱼（新奥购物中心店）,4.8,烤鱼,鸟巢/水立方,92.0,106
1429336943,柒政老火锅（怀柔店）,4.8,重庆火锅,怀柔电影旅游拍摄基地,59.0,467
592974080,全牛匠·乐山跷脚牛肉（翠微店）,4.8,川菜,公主坟/万寿路,70.0,223
1922924621,探鱼·鲜青椒爽麻烤鱼（北京华联上地购物中心店）,4.8,烤鱼,上地,97.0,485
99990113,眉州小吃（尚街店）,4.8,川味小吃,十里堡,45.0,181
163188469,湘小婉·湘土菜（新街口店）,4.8,湘菜,新街口,49.0,382
1770415158,龙人居·水煮鱼（太古里店）,4.8,酸菜鱼/水煮鱼,三里屯/工体,162.0,64
1816182077,点吧点儿·螺蛳粉肥肠锅（团结湖店）,4.8,川菜,朝阳公园/团结湖,92.0,144
970581113,宽小煲·香锅牛蛙（回龙观店）,4.8,融合菜,回龙观,69.0,295
1598740694,鱼你在一起（BDA店）,4.8,酸菜鱼/水煮鱼,亦庄,35.0,226
169176857,海底捞火锅（世界之花假日广场店）,4.8,四川火锅,旧宫,104.0,145
779837307,肴庄潮汕鲜牛酒馆火锅（通州马驹桥店）,4.7,四川火锅,马驹桥,87.0,156
180579513,江边城外烤全鱼（庄胜崇光店）,4.8,烤鱼,宣武门,99.0,198
818818139,海底捞火锅（太古里3.3店）,4.8,四川火锅,三里屯/工体,138.0,127
195430938,川子音乐餐厅·酒馆·烧烤·小龙虾（欢乐谷店）,4.7,川菜,北京欢乐谷,90.0,282
1330148736,旦爷肥肠鸡火锅（将台店）,4.8,川味火锅,酒仙桥,69.0,236
562000373,川小巷成都老火锅（护国寺店）,4.8,四川火锅,新街口,87.0,231
1413120957,八次方千层毛肚石锅鱼火锅,4.8,重庆火锅,平谷城区,78.0,155
164917943,川成元·麻辣香锅（小营悦茂店）,4.8,干锅/香锅,清河,83.0,200
160477402,眉州小吃（北辰店）,4.8,川味小吃,北苑家园,42.0,200
1913474879,七味姑娘旋转小火锅（立水桥店）,4.8,小火锅,天通苑,39.0,574
726944951,肖四女乐山跷脚牛肉（大兴天街店）,4.8,川菜,龙湖天街购物中心,69.0,126
967008313,福禄娃一家人火锅（上岸店）,4.8,四川火锅,门头沟城区,112.0,57
1317128004,川成元·麻辣香锅（大望路新世界店）,4.8,干锅/香锅,大望路,90.0,145
577502295,莫姐老火锅·重庆街边夜市（朝阳路店）,4.8,重庆火锅,慈云寺/八里庄,113.0,49
1293898020,石灰石烧鸡公（丰科万达店）,4.8,川菜,总部基地,88.0,100
647415758,夜小虾·小龙虾 海鲜 烧烤,4.9,小龙虾,分钟寺/成寿寺,102.0,67
1471018397,麻辣無情·重庆老火锅（科创店）,4.8,重庆火锅,次渠,125.0,57
163329260,川成元·麻辣香锅（联想桥店）,4.8,干锅/香锅,双榆树,89.0,231
696281086,渝味相识·湘菜·水煮鱼（五棵松店）,4.8,川菜,五棵松,117.0,84
857291753,半天妖青花椒烤鱼（大兴区香园路店）,4.8,烤鱼,西红门,80.0,300
1093659639,川姜府卤菜火锅,4.8,重庆火锅,怀柔城区,94.0,235
571272441,川成元麻辣香锅（悠唐购物中心店）,4.8,干锅/香锅,悠唐生活广场,104.0,72
1337021191,川成元·麻辣香锅（新业广场店）,4.8,干锅/香锅,分钟寺/成寿寺,94.0,119
515322614,川蜀香重庆老火锅（长兴路店）,4.8,川味火锅,云岗,67.0,199
1474018410,向川南·巷子里的下酒菜,4.8,川菜,和平里/国展中心,100.0,43
542076349,张妈妈春饼·川菜（食宝街店）,4.8,家常菜,北京西站/六里桥,48.0,254
1633986516,名门·菜根香,4.8,川菜,平谷城区,65.0,185
1636909348,干锅鸭头烤鱼烧烤（良乡大学城店）,4.8,烤鱼,良乡,45.0,489
90188963,温鼎府·海鲜火锅（前门23号院店）,4.8,海鲜火锅,天安门广场,942.0,47
1983965232,巴粑辣市井老火锅（马驹桥店）,4.8,重庆火锅,马驹桥,101.0,373
1940418524,巴都府卤味火锅（吕家营店）,4.8,重庆火锅,十八里店,69.0,243
918293355,巴蜀小镇（环球影城店）,4.8,川菜,梨园,72.0,89
1546087171,江边城外烤全鱼（颐和星悦荟店）,4.8,烤鱼,颐和园,117.0,195
95311316,眉州小吃（鸿坤店）,4.8,川味小吃,西红门,43.0,108
1995252353,莫姐老火锅·重庆街边夜市（青年路店）,4.8,重庆火锅,朝阳大悦城,111.0,43
1370850902,花盐街·民间川菜（祥云小镇店）,4.8,川菜,顺义区,85.0,79
1230748916,红菜坊·川鲁宴（亦庄店）,4.8,融合菜,次渠,150.0,39
900737696,椿叔海鲜鸡公煲,4.8,川菜,双井,36.0,106
189062082,小渝厨巫山烤鱼家常菜（翠屏北里店）,4.7,川菜,果园,59.0,261
1098854196,蜀香诱惑·水煮椒麻鱼（安宁庄店）,4.8,川菜,清河,68.0,150
682898719,天赐重庆火锅（西单店）,4.8,重庆火锅,西单,181.0,49
899059147,破店重庆老火锅·深夜食堂（物资学院店）,4.8,重庆火锅,物资学院,65.0,107
1492761289,憨呼呼重庆火锅（黄村店）,4.8,重庆火锅,黄村,102.0,52
1383487719,土火匠烤鱼专门店,4.8,烤鱼,人民大学,69.0,84
571423806,雙京府·张渔夫酒楼（朗清园店）,4.8,融合菜,通州区,115.0,58
945619629,川辣邦·新派川菜（宝盛里店）,4.8,川菜,清河,76.0,87
193572770,有鱼有蛙（洋桥马家堡店）,4.8,干锅/香锅,马家堡/角门,54.0,256
687594100,老成都·烤鱼·江湖菜,4.8,烤鱼,亚运村,66.0,107
934614327,盐帮富顺·自贡江湖菜,5.0,川菜,清河,0.0,0
98675995,辛庄小馆,4.9,川菜,昌平区,81.0,2
1376979716,1996川菜·主厨餐厅,4.9,川菜,姚家园,0.0,0
1551924253,嘟爷火锅杯小吃店（小红门店）,4.9,川味小吃,小红门,57.0,0
4258813,蘸锵锵麻辣香锅,4.8,干锅/香锅,望京,58.0,1570
